index	name	ext_file	web_path
1	COS、大寇	01_01_COS、大寇.png	/mock/animals/doc-cats/cat-01.png
2	踏雪	02_01_踏雪.png	/mock/animals/doc-cats/cat-02.png
3	虎子	03_01_虎子.png	/mock/animals/doc-cats/cat-03.png
4	小小	04_01_小小.png	/mock/animals/doc-cats/cat-04.png
5	大橘	05_01_大橘.png	/mock/animals/doc-cats/cat-05.png
6	妹宝	06_01_妹宝.png	/mock/animals/doc-cats/cat-06.png
7	小V	07_01_小V.png	/mock/animals/doc-cats/cat-07.png
8	大V	08_01_大V.jpeg	/mock/animals/doc-cats/cat-08.jpeg
9	小兰	09_01_小兰.jpeg	/mock/animals/doc-cats/cat-09.jpeg
10	牛牛	10_01_牛牛.jpeg	/mock/animals/doc-cats/cat-10.jpeg
11	孤微分	11_01_孤微分.jpeg	/mock/animals/doc-cats/cat-11.jpeg
12	紫菜	12_01_紫菜.jpeg	/mock/animals/doc-cats/cat-12.jpeg
13	大胡子	13_01_大胡子.jpeg	/mock/animals/doc-cats/cat-13.jpeg
14	琥珀	14_01_琥珀.jpeg	/mock/animals/doc-cats/cat-14.jpeg
15	尺玉	15_01_尺玉.png	/mock/animals/doc-cats/cat-15.png
16	小黄毛	16_01_小黄毛.png	/mock/animals/doc-cats/cat-16.png
17	小花猪	17_01_小花猪.jpeg	/mock/animals/doc-cats/cat-17.jpeg
18	珍猪	18_01_珍猪.jpeg	/mock/animals/doc-cats/cat-18.jpeg
19	冻干	19_01_冻干.jpeg	/mock/animals/doc-cats/cat-19.jpeg
20	卡姐	20_01_卡姐.png	/mock/animals/doc-cats/cat-20.png
21	小八	21_01_小八.jpeg	/mock/animals/doc-cats/cat-21.jpeg
22	海带	22_01_海带.png	/mock/animals/doc-cats/cat-22.png
23	小黑	23_01_小黑.jpeg	/mock/animals/doc-cats/cat-23.jpeg
24	肥泥鳅	24_01_肥泥鳅.png	/mock/animals/doc-cats/cat-24.png
25	甜杏仁	25_01_甜杏仁.png	/mock/animals/doc-cats/cat-25.png
26	银杏	26_01_银杏.png	/mock/animals/doc-cats/cat-26.png
27	咪咪、巴旦木	27_01_咪咪、巴旦木.png	/mock/animals/doc-cats/cat-27.png
28	西北门	28_01_西北门.png	/mock/animals/doc-cats/cat-28.png
29	套袖	29_01_套袖.png	/mock/animals/doc-cats/cat-29.png
30	二蛋	30_01_二蛋.png	/mock/animals/doc-cats/cat-30.png
31	猫姥姥	31_01_猫姥姥.png	/mock/animals/doc-cats/cat-31.png
32	猫小姨	32_01_猫小姨.png	/mock/animals/doc-cats/cat-32.png
33	大白	33_01_大白.png	/mock/animals/doc-cats/cat-33.png
34	大开门	34_01_大开门.png	/mock/animals/doc-cats/cat-34.png
35	高低袜	35_01_高低袜.png	/mock/animals/doc-cats/cat-35.png
36	口红	36_01_口红.png	/mock/animals/doc-cats/cat-36.png
37	小开门	37_01_小开门.png	/mock/animals/doc-cats/cat-37.png
38	迪克	38_01_迪克.png	/mock/animals/doc-cats/cat-38.png
39	小V的孩子	39_01_小V的孩子.png	/mock/animals/doc-cats/cat-39.png
40	依依	40_01_依依.png	/mock/animals/doc-cats/cat-40.png